[
{
    "model": "airport.airport",
    "pk": 1,
    "fields": {
        "name": "KBP",
        "closest_big_city": "Kyiv"
    }
},
{
    "model": "airport.airport",
    "pk": 2,
    "fields": {
        "name": "LHR",
        "closest_big_city": "London"
    }
},
{
    "model": "airport.airport",
    "pk": 3,
    "fields": {
        "name": "LAX",
        "closest_big_city": "Los Angeles"
    }
},
{
    "model": "airport.airport",
    "pk": 4,
    "fields": {
        "name": "JFK",
        "closest_big_city": "New York"
    }
},
{
    "model": "airport.airport",
    "pk": 5,
    "fields": {
        "name": "WAW",
        "closest_big_city": "Warsaw"
    }
},
{
    "model": "airport.airport",
    "pk": 6,
    "fields": {
        "name": "MUC",
        "closest_big_city": "Munich"
    }
},
{
    "model": "airport.airport",
    "pk": 7,
    "fields": {
        "name": "ATH",
        "closest_big_city": "Athens"
    }
},
{
    "model": "airport.airport",
    "pk": 8,
    "fields": {
        "name": "VIE",
        "closest_big_city": "Vienna"
    }
},
{
    "model": "airport.airport",
    "pk": 9,
    "fields": {
        "name": "FCO",
        "closest_big_city": "Rome"
    }
},
{
    "model": "airport.airport",
    "pk": 10,
    "fields": {
        "name": "MIA",
        "closest_big_city": "Miami"
    }
},
{
    "model": "airport.airport",
    "pk": 11,
    "fields": {
        "name": "GRU",
        "closest_big_city": "São Paulo"
    }
},
{
    "model": "airport.airport",
    "pk": 12,
    "fields": {
        "name": "CDG",
        "closest_big_city": "Paris"
    }
},
{
    "model": "airport.airport",
    "pk": 13,
    "fields": {
        "name": "HND",
        "closest_big_city": "Tokyo"
    }
},
{
    "model": "airport.airport",
    "pk": 14,
    "fields": {
        "name": "SYD",
        "closest_big_city": "Sydney"
    }
},
{
    "model": "airport.airport",
    "pk": 15,
    "fields": {
        "name": "YQB",
        "closest_big_city": "Quebec"
    }
},
{
    "model": "airport.route",
    "pk": 1,
    "fields": {
        "source": 1,
        "destination": 2,
        "distance": 2300
    }
},
{
    "model": "airport.route",
    "pk": 2,
    "fields": {
        "source": 1,
        "destination": 12,
        "distance": 2000
    }
},
{
    "model": "airport.route",
    "pk": 3,
    "fields": {
        "source": 2,
        "destination": 13,
        "distance": 9600
    }
},
{
    "model": "airport.route",
    "pk": 4,
    "fields": {
        "source": 7,
        "destination": 9,
        "distance": 1050
    }
},
{
    "model": "airport.route",
    "pk": 5,
    "fields": {
        "source": 6,
        "destination": 8,
        "distance": 350
    }
},
{
    "model": "airport.route",
    "pk": 6,
    "fields": {
        "source": 5,
        "destination": 4,
        "distance": 6800
    }
},
{
    "model": "airport.route",
    "pk": 7,
    "fields": {
        "source": 14,
        "destination": 3,
        "distance": 12000
    }
},
{
    "model": "airport.route",
    "pk": 8,
    "fields": {
        "source": 11,
        "destination": 10,
        "distance": 6500
    }
},
{
    "model": "airport.route",
    "pk": 9,
    "fields": {
        "source": 15,
        "destination": 4,
        "distance": 700
    }
},
{
    "model": "airport.route",
    "pk": 10,
    "fields": {
        "source": 12,
        "destination": 13,
        "distance": 9700
    }
},
{
    "model": "airport.route",
    "pk": 11,
    "fields": {
        "source": 9,
        "destination": 11,
        "distance": 9400
    }
},
{
    "model": "airport.route",
    "pk": 12,
    "fields": {
        "source": 3,
        "destination": 1,
        "distance": 10000
    }
},
{
    "model": "airport.route",
    "pk": 13,
    "fields": {
        "source": 10,
        "destination": 2,
        "distance": 7100
    }
},
{
    "model": "airport.route",
    "pk": 14,
    "fields": {
        "source": 8,
        "destination": 1,
        "distance": 1100
    }
},
{
    "model": "airport.route",
    "pk": 15,
    "fields": {
        "source": 6,
        "destination": 11,
        "distance": 9900
    }
},
{
    "model": "airport.airplanetype",
    "pk": 1,
    "fields": {
        "name": "Wide-body jet"
    }
},
{
    "model": "airport.airplanetype",
    "pk": 2,
    "fields": {
        "name": "Narrow-body jet"
    }
},
{
    "model": "airport.airplanetype",
    "pk": 3,
    "fields": {
        "name": "Regional jet"
    }
},
{
    "model": "airport.airplanetype",
    "pk": 4,
    "fields": {
        "name": "Turboprop"
    }
},
{
    "model": "airport.airplane",
    "pk": 1,
    "fields": {
        "name": "Boeing 747",
        "rows": 30,
        "seats_in_row": 6,
        "airplane_type": 1,
        "image": "uploads/airplanes_media_files/boeing-747-2a5c97ed-c155-4e01-a510-2890c71ea522.png"
    }
},
{
    "model": "airport.airplane",
    "pk": 2,
    "fields": {
        "name": "Boeing 737",
        "rows": 30,
        "seats_in_row": 6,
        "airplane_type": 2,
        "image": "uploads/airplanes_media_files/boeing-737-48e28a0e-b4df-491d-89cd-3e0027767889.png"
    }
},
{
    "model": "airport.airplane",
    "pk": 3,
    "fields": {
        "name": "Airbus A320",
        "rows": 30,
        "seats_in_row": 6,
        "airplane_type": 2,
        "image": "uploads/airplanes_media_files/airbus-a320-81aaa8e3-c2b7-4f6f-9762-9dd76bb0aff3.png"
    }
},
{
    "model": "airport.airplane",
    "pk": 4,
    "fields": {
        "name": "Boeing 777",
        "rows": 40,
        "seats_in_row": 9,
        "airplane_type": 1,
        "image": "uploads/airplanes_media_files/boeing-777-96d7f961-e278-4d17-8e71-8269d59bef22.png"
    }
},
{
    "model": "airport.airplane",
    "pk": 5,
    "fields": {
        "name": "Airbus A321",
        "rows": 35,
        "seats_in_row": 6,
        "airplane_type": 2,
        "image": "uploads/airplanes_media_files/airbus-a321-dc564e6e-11a5-4cf3-a9c2-faded0b1940b.png"
    }
},
{
    "model": "airport.airplane",
    "pk": 6,
    "fields": {
        "name": "Airbus A319",
        "rows": 28,
        "seats_in_row": 6,
        "airplane_type": 2,
        "image": "uploads/airplanes_media_files/airbus-a319-1c8c84b3-4b94-483b-8119-9073f4ed0236.png"
    }
},
{
    "model": "airport.airplane",
    "pk": 7,
    "fields": {
        "name": "Airbus A330",
        "rows": 40,
        "seats_in_row": 8,
        "airplane_type": 1,
        "image": "uploads/airplanes_media_files/airbus-a330-a8e4e1b7-2a40-45d7-9fb4-a160d12d7a0a.png"
    }
},
{
    "model": "airport.airplane",
    "pk": 8,
    "fields": {
        "name": "Airbus A340",
        "rows": 42,
        "seats_in_row": 8,
        "airplane_type": 1,
        "image": "uploads/airplanes_media_files/airbus-a340-ffeb17fe-db14-4bdb-a883-0d659ba8a824.png"
    }
},
{
    "model": "airport.airplane",
    "pk": 9,
    "fields": {
        "name": "Airbus A350",
        "rows": 45,
        "seats_in_row": 9,
        "airplane_type": 1,
        "image": "uploads/airplanes_media_files/airbus-a350-9b65e462-9ee6-46f1-9ab2-aa40fd1d003f.png"
    }
},
{
    "model": "airport.airplane",
    "pk": 10,
    "fields": {
        "name": "Airbus A380",
        "rows": 55,
        "seats_in_row": 10,
        "airplane_type": 1,
        "image": "uploads/airplanes_media_files/airbus-a380-2ad6f59d-cca9-4f14-83c6-a13da2892865.png"
    }
},
{
    "model": "airport.airplane",
    "pk": 19,
    "fields": {
        "name": "ATR 42",
        "rows": 16,
        "seats_in_row": 4,
        "airplane_type": 4,
        "image": "uploads/airplanes_media_files/atr-42-119142b5-101b-4597-be8a-4b65c39c9acb.png"
    }
},
{
    "model": "airport.airplane",
    "pk": 20,
    "fields": {
        "name": "ATR 72",
        "rows": 18,
        "seats_in_row": 6,
        "airplane_type": 4,
        "image": "uploads/airplanes_media_files/atr-72-f46614b1-1e3d-4299-9e61-40745ca5aff2.png"
    }
},
{
    "model": "airport.airplane",
    "pk": 21,
    "fields": {
        "name": "McDonnell Douglas MD-80",
        "rows": 30,
        "seats_in_row": 6,
        "airplane_type": 2,
        "image": "uploads/airplanes_media_files/mcdonnell-douglas-md-80-89d7ce74-2159-4b42-b0a3-908e84bc4c84.png"
    }
},
{
    "model": "airport.airplane",
    "pk": 22,
    "fields": {
        "name": "McDonnell Douglas MD-90",
        "rows": 32,
        "seats_in_row": 6,
        "airplane_type": 2,
        "image": "uploads/airplanes_media_files/mcdonnell-douglas-md-90-ed706ac5-5f27-44f5-948c-0377e992c3ca.png"
    }
},
{
    "model": "airport.airplane",
    "pk": 27,
    "fields": {
        "name": "Mitsubishi SpaceJet M90",
        "rows": 20,
        "seats_in_row": 4,
        "airplane_type": 3,
        "image": "uploads/airplanes_media_files/mitsubishi-spacejet-m90-4a86a544-efc0-4d79-afd4-e1f67b0d96d6.png"
    }
},
{
    "model": "airport.airplane",
    "pk": 30,
    "fields": {
        "name": "Boeing 787 Dreamliner",
        "rows": 43,
        "seats_in_row": 9,
        "airplane_type": 1,
        "image": "uploads/airplanes_media_files/boeing-787-dreamliner-263638a1-490d-4961-a3e8-9257e764a365.png"
    }
},
{
    "model": "airport.crew",
    "pk": 1,
    "fields": {
        "first_name": "Amelia",
        "last_name": "Earhart"
    }
},
{
    "model": "airport.crew",
    "pk": 2,
    "fields": {
        "first_name": "Charles",
        "last_name": "Lindbergh"
    }
},
{
    "model": "airport.crew",
    "pk": 3,
    "fields": {
        "first_name": "James",
        "last_name": "Carter"
    }
},
{
    "model": "airport.crew",
    "pk": 4,
    "fields": {
        "first_name": "Maria",
        "last_name": "Gonsalez"
    }
},
{
    "model": "airport.crew",
    "pk": 5,
    "fields": {
        "first_name": "David",
        "last_name": "Kim"
    }
},
{
    "model": "airport.crew",
    "pk": 6,
    "fields": {
        "first_name": "Sophie",
        "last_name": "Dubois"
    }
},
{
    "model": "airport.crew",
    "pk": 7,
    "fields": {
        "first_name": "Liam",
        "last_name": "O’Connor"
    }
},
{
    "model": "airport.crew",
    "pk": 8,
    "fields": {
        "first_name": "Emily",
        "last_name": "Zhang"
    }
},
{
    "model": "airport.crew",
    "pk": 9,
    "fields": {
        "first_name": "Aleksandr",
        "last_name": "Ivanov"
    }
},
{
    "model": "airport.crew",
    "pk": 10,
    "fields": {
        "first_name": "Anna",
        "last_name": "Kowalska"
    }
},
{
    "model": "airport.crew",
    "pk": 11,
    "fields": {
        "first_name": "John",
        "last_name": "Smith"
    }
},
{
    "model": "airport.crew",
    "pk": 12,
    "fields": {
        "first_name": "Olivia",
        "last_name": "Brown"
    }
},
{
    "model": "airport.crew",
    "pk": 13,
    "fields": {
        "first_name": "Marco",
        "last_name": "Rossi"
    }
},
{
    "model": "airport.crew",
    "pk": 14,
    "fields": {
        "first_name": "Isabella",
        "last_name": "Fernández"
    }
},
{
    "model": "airport.crew",
    "pk": 15,
    "fields": {
        "first_name": "Benjamin",
        "last_name": "Lee"
    }
},
{
    "model": "airport.crew",
    "pk": 16,
    "fields": {
        "first_name": "Mia",
        "last_name": "Schneider"
    }
},
{
    "model": "airport.crew",
    "pk": 17,
    "fields": {
        "first_name": "Thomas",
        "last_name": "Müller"
    }
},
{
    "model": "airport.crew",
    "pk": 18,
    "fields": {
        "first_name": "Chloe",
        "last_name": "Martin"
    }
},
{
    "model": "airport.crew",
    "pk": 19,
    "fields": {
        "first_name": "Ethan",
        "last_name": "Johnson"
    }
},
{
    "model": "airport.crew",
    "pk": 20,
    "fields": {
        "first_name": "Sofia",
        "last_name": "Almeida"
    }
},
{
    "model": "airport.crew",
    "pk": 21,
    "fields": {
        "first_name": "Noah",
        "last_name": "Williams"
    }
},
{
    "model": "airport.crew",
    "pk": 22,
    "fields": {
        "first_name": "Lily",
        "last_name": "Chen"
    }
},
{
    "model": "airport.crew",
    "pk": 23,
    "fields": {
        "first_name": "Jack",
        "last_name": "Wilson"
    }
},
{
    "model": "airport.crew",
    "pk": 24,
    "fields": {
        "first_name": "Zoe",
        "last_name": "Nakamura"
    }
},
{
    "model": "airport.crew",
    "pk": 25,
    "fields": {
        "first_name": "Lukas",
        "last_name": "Dubois"
    }
},
{
    "model": "airport.crew",
    "pk": 26,
    "fields": {
        "first_name": "Amelia",
        "last_name": "Svensson"
    }
},
{
    "model": "airport.crew",
    "pk": 27,
    "fields": {
        "first_name": "Oskar",
        "last_name": "Hernández"
    }
},
{
    "model": "airport.crew",
    "pk": 28,
    "fields": {
        "first_name": "Grace",
        "last_name": "Patel"
    }
},
{
    "model": "airport.crew",
    "pk": 29,
    "fields": {
        "first_name": "Hugo",
        "last_name": "Moreau"
    }
},
{
    "model": "airport.crew",
    "pk": 30,
    "fields": {
        "first_name": "Emma",
        "last_name": "Nowak"
    }
},
{
    "model": "airport.flight",
    "pk": 1,
    "fields": {
        "route": 1,
        "airplane": 1,
        "departure_time": "2025-05-29T14:30:00Z",
        "arrival_time": "2025-05-29T15:00:00Z",
        "crew": [
            1,
            2
        ]
    }
},
{
    "model": "airport.flight",
    "pk": 2,
    "fields": {
        "route": 2,
        "airplane": 3,
        "departure_time": "2025-05-30T05:00:00Z",
        "arrival_time": "2025-05-30T07:40:00Z",
        "crew": [
            26,
            15
        ]
    }
},
{
    "model": "airport.flight",
    "pk": 3,
    "fields": {
        "route": 3,
        "airplane": 4,
        "departure_time": "2025-05-30T09:00:00Z",
        "arrival_time": "2025-05-31T01:30:00Z",
        "crew": [
            20,
            17
        ]
    }
},
{
    "model": "airport.flight",
    "pk": 5,
    "fields": {
        "route": 5,
        "airplane": 20,
        "departure_time": "2025-05-30T10:00:00Z",
        "arrival_time": "2025-05-30T10:50:00Z",
        "crew": [
            29,
            14
        ]
    }
},
{
    "model": "airport.flight",
    "pk": 6,
    "fields": {
        "route": 6,
        "airplane": 9,
        "departure_time": "2025-05-30T12:00:00Z",
        "arrival_time": "2025-05-30T19:10:00Z",
        "crew": [
            30,
            28
        ]
    }
},
{
    "model": "airport.flight",
    "pk": 7,
    "fields": {
        "route": 7,
        "airplane": 30,
        "departure_time": "2025-05-30T18:30:00Z",
        "arrival_time": "2025-05-31T10:00:00Z",
        "crew": [
            15,
            18
        ]
    }
},
{
    "model": "airport.flight",
    "pk": 8,
    "fields": {
        "route": 8,
        "airplane": 7,
        "departure_time": "2025-05-30T20:45:00Z",
        "arrival_time": "2025-05-31T03:15:00Z",
        "crew": [
            23,
            3
        ]
    }
},
{
    "model": "airport.flight",
    "pk": 10,
    "fields": {
        "route": 10,
        "airplane": 4,
        "departure_time": "2025-05-30T14:00:00Z",
        "arrival_time": "2025-05-31T06:40:00Z",
        "crew": [
            29,
            23
        ]
    }
},
{
    "model": "airport.flight",
    "pk": 11,
    "fields": {
        "route": 11,
        "airplane": 8,
        "departure_time": "2025-05-30T15:10:00Z",
        "arrival_time": "2025-05-30T23:50:00Z",
        "crew": [
            28,
            14
        ]
    }
},
{
    "model": "airport.flight",
    "pk": 12,
    "fields": {
        "route": 13,
        "airplane": 4,
        "departure_time": "2025-05-30T11:50:00Z",
        "arrival_time": "2025-05-30T23:00:00Z",
        "crew": [
            17,
            24
        ]
    }
},
{
    "model": "airport.flight",
    "pk": 13,
    "fields": {
        "route": 14,
        "airplane": 20,
        "departure_time": "2025-05-30T08:45:00Z",
        "arrival_time": "2025-05-30T10:35:00Z",
        "crew": [
            2,
            18
        ]
    }
},
{
    "model": "airport.flight",
    "pk": 14,
    "fields": {
        "route": 15,
        "airplane": 27,
        "departure_time": "2025-05-30T16:20:00Z",
        "arrival_time": "2025-05-31T01:40:00Z",
        "crew": [
            12,
            27
        ]
    }
},
{
    "model": "airport.order",
    "pk": 1,
    "fields": {
        "created_at": "2025-05-29T14:36:30.360Z",
        "user": 1
    }
},
{
    "model": "airport.order",
    "pk": 2,
    "fields": {
        "created_at": "2025-05-30T12:12:52.822Z",
        "user": 1
    }
},
{
    "model": "airport.ticket",
    "pk": 1,
    "fields": {
        "row": 5,
        "seat": 6,
        "flight": 1,
        "order": 1
    }
},
{
    "model": "airport.ticket",
    "pk": 2,
    "fields": {
        "row": 5,
        "seat": 8,
        "flight": 8,
        "order": 1
    }
},
{
    "model": "airport.ticket",
    "pk": 3,
    "fields": {
        "row": 2,
        "seat": 1,
        "flight": 14,
        "order": 2
    }
},
{
    "model": "airport.ticket",
    "pk": 4,
    "fields": {
        "row": 3,
        "seat": 4,
        "flight": 11,
        "order": 2
    }
},
{
    "model": "airport.ticket",
    "pk": 5,
    "fields": {
        "row": 3,
        "seat": 2,
        "flight": 10,
        "order": 1
    }
},
{
    "model": "airport.ticket",
    "pk": 6,
    "fields": {
        "row": 14,
        "seat": 6,
        "flight": 7,
        "order": 2
    }
},
{
    "model": "airport.ticket",
    "pk": 7,
    "fields": {
        "row": 23,
        "seat": 7,
        "flight": 8,
        "order": 2
    }
},
{
    "model": "user.user",
    "pk": 1,
    "fields": {
        "password": "pbkdf2_sha256$1000000$CUMYEZu5K7gdWaxA1qUDJO$s+7JgBwx6eO33Vq70bEXukm3/laJ9fYyju3a3CuT1V4=",
        "last_login": "2025-06-02T15:06:34.020Z",
        "is_superuser": true,
        "first_name": "",
        "last_name": "",
        "is_staff": true,
        "is_active": true,
        "date_joined": "2025-05-28T17:29:23.169Z",
        "email": "dimon9660@gmail.com",
        "groups": [],
        "user_permissions": []
    }
}
]
